id,timestamp,log_type,schema_version,event_name,session_id,attempt_id,browser_id,route,details
7583eb7a-d706-4bd0-bce5-ad23fa39ed93,2025-09-27T17:02:21.012809,backend,http_response.v1,http_response,backend,b0f492f6-9a78-43bb-b836-c0405e62490d,backend,/api/menu/18,{}
5050db88-3833-4edf-b698-c1899b6e2167,2025-09-27T17:02:20.996045,backend,http_request.v1,http_request,backend,66188908-7494-4acb-b66f-47c0b662b649,backend,/api/menu/18,{}
e3279800-afc7-4144-9500-bb630f1a371d,2025-09-27T17:02:20.985669,backend,http_response.v1,http_response,backend,6b6addf4-1c1d-4d46-88dd-3deddaefc5db,backend,/api/menu/18,{}
7a385501-0c21-48d3-a579-324c8df51082,2025-09-27T17:02:20.978163,backend,http_request.v1,http_request,backend,0fcaa4fe-f947-4b93-991c-dae582db8e6b,backend,/api/menu/18,{}
6b569c0d-8ae1-4142-bbe0-bc984ebb3845,2025-09-27T17:02:08.198590,backend,http_response.v1,http_response,backend,d0bdfeb9-4f3e-4059-a754-f0a0d67550f9,backend,/api/menu/,{}
f3b773c4-7959-4320-a379-bfec3fb7efb6,2025-09-27T17:02:08.188291,backend,http_request.v1,http_request,backend,7195457a-3c24-4103-ac81-25fdcd6c0df1,backend,/api/menu/,{}
32e67ea2-cbae-4edc-b1a4-f2369a1df69a,2025-09-27T17:02:07.950722,backend,http_response.v1,http_response,backend,1b3ea668-e955-4b2f-a2ec-1250de9ec315,backend,/api/menu/,{}
8cd7effa-785a-464b-878e-1d2f301395f6,2025-09-27T17:02:07.940303,backend,http_request.v1,http_request,backend,2b42a91f-e9d3-48bb-b705-238c681c6708,backend,/api/menu/,{}
log_1758985340672_ovx0sn769,2025-09-27T15:02:20.672Z,frontend,form_submit.v2,form_submit,session_1758984560651_foqjcq8xf,log_1758985340672_99sbfc8ko,anonymous,/restaurant/dashboard/menu,"{""app_version"":""web-1.4.2"",""autofill_used"":false,""caps_lock_on"":false,""client_validation_passed"":true,""component"":""unknown"",""details"":{""field_presence_map"":{""input"":true,""isAvailable"":false,""select"":true,""textarea"":true},""formAction"":""http://localhost:5173/restaurant/dashboard/menu"",""formElements"":[{""name"":"""",""required"":false,""type"":""file""},{""name"":"""",""required"":false,""type"":""select-one""},{""name"":"""",""required"":true,""type"":""text""},{""name"":"""",""required"":true,""type"":""textarea""},{""name"":"""",""required"":true,""type"":""number""},{""name"":"""",""required"":false,""type"":""checkbox""},{""name"":"""",""type"":""button""},{""name"":"""",""type"":""submit""}],""formId"":"""",""formMethod"":""get"",""schema_version"":""form_submit.v2"",""trigger"":""submit""},""event_time"":""2025-09-27T15:02:20.672Z"",""field_presence_map"":{""input"":true,""isAvailable"":false,""select"":true,""textarea"":true},""password_length"":0,""perf"":{""submit_latency_ms"":0},""submit_trigger"":""submit"",""system_noise"":false,""url"":""http://localhost:5173/restaurant/dashboard/menu"",""userAgent"":""Mozilla/5.0 (Windows NT 10.0; Win64; x64) AppleWebKit/537.36 (KHTML, like Gecko) Chrome/140.0.0.0 Safari/537.36"",""username_length"":0,""viewport"":{""height"":911,""width"":1920}}"
log_1758985340671_tfs32xxkn,2025-09-27T15:02:20.671Z,frontend,click.v1,click,session_1758984560651_foqjcq8xf,log_1758985340671_f49wb36wt,anonymous,/restaurant/dashboard/menu,"{""app_version"":""web-1.4.2"",""autofill_used"":false,""caps_lock_on"":false,""client_validation_passed"":true,""component"":""unknown"",""details"":{""className"":""px-4 py-2 bg-orange-500 text-white rounded-md text-sm font-medium hover:bg-orange-600 focus:outline-none focus:ring-2 focus:ring-offset-2 focus:ring-orange-500"",""id"":"""",""schema_version"":""click.v1"",""tagName"":""BUTTON"",""text"":""Save Changes"",""trigger"":""click"",""x"":1132,""y"":748},""event_time"":""2025-09-27T15:02:20.671Z"",""password_length"":0,""perf"":{""submit_latency_ms"":0},""submit_trigger"":""click"",""system_noise"":false,""url"":""http://localhost:5173/restaurant/dashboard/menu"",""userAgent"":""Mozilla/5.0 (Windows NT 10.0; Win64; x64) AppleWebKit/537.36 (KHTML, like Gecko) Chrome/140.0.0.0 Safari/537.36"",""username_length"":0,""viewport"":{""height"":911,""width"":1920}}"
log_1758985340590_2bfjabyz1,2025-09-27T15:02:20.590Z,frontend,input_change.v1,input_change,session_1758984560651_foqjcq8xf,log_1758985340590_3xhej71dy,anonymous,/restaurant/dashboard/menu,"{""app_version"":""web-1.4.2"",""autofill_used"":false,""caps_lock_on"":false,""client_validation_passed"":true,""component"":""unknown"",""details"":{""finalValueLength"":4,""inputId"":"""",""inputName"":""INPUT"",""inputType"":""number"",""inputValue"":""0.04"",""schema_version"":""input_change.v1"",""trigger"":""blur""},""event_time"":""2025-09-27T15:02:20.590Z"",""finalValueLength"":4,""inputId"":"""",""inputName"":""INPUT"",""inputType"":""number"",""inputValue"":""0.04"",""password_length"":0,""perf"":{""submit_latency_ms"":0},""submit_trigger"":""blur"",""system_noise"":false,""url"":""http://localhost:5173/restaurant/dashboard/menu"",""userAgent"":""Mozilla/5.0 (Windows NT 10.0; Win64; x64) AppleWebKit/537.36 (KHTML, like Gecko) Chrome/140.0.0.0 Safari/537.36"",""username_length"":0,""viewport"":{""height"":911,""width"":1920}}"
log_1758985333725_6np5gigp4,2025-09-27T15:02:13.725Z,frontend,click.v1,click,session_1758984560651_foqjcq8xf,log_1758985333725_l7c3uuu97,anonymous,/restaurant/dashboard/menu,"{""app_version"":""web-1.4.2"",""autofill_used"":false,""caps_lock_on"":false,""client_validation_passed"":true,""component"":""unknown"",""details"":{""className"":""mt-1 block w-full rounded-md border-gray-300 shadow-sm focus:border-orange-500 focus:ring-orange-500"",""id"":"""",""schema_version"":""click.v1"",""tagName"":""INPUT"",""text"":"""",""trigger"":""click"",""x"":1155,""y"":673},""event_time"":""2025-09-27T15:02:13.725Z"",""password_length"":0,""perf"":{""submit_latency_ms"":0},""submit_trigger"":""click"",""system_noise"":false,""url"":""http://localhost:5173/restaurant/dashboard/menu"",""userAgent"":""Mozilla/5.0 (Windows NT 10.0; Win64; x64) AppleWebKit/537.36 (KHTML, like Gecko) Chrome/140.0.0.0 Safari/537.36"",""username_length"":0,""viewport"":{""height"":911,""width"":1920}}"
log_1758985333425_nnv5h2kq1,2025-09-27T15:02:13.425Z,frontend,click.v1,click,session_1758984560651_foqjcq8xf,log_1758985333425_xbb6amx6s,anonymous,/restaurant/dashboard/menu,"{""app_version"":""web-1.4.2"",""autofill_used"":false,""caps_lock_on"":false,""client_validation_passed"":true,""component"":""unknown"",""details"":{""className"":""mt-1 block w-full rounded-md border-gray-300 shadow-sm focus:border-orange-500 focus:ring-orange-500"",""id"":"""",""schema_version"":""click.v1"",""tagName"":""INPUT"",""text"":"""",""trigger"":""click"",""x"":1155,""y"":673},""event_time"":""2025-09-27T15:02:13.425Z"",""password_length"":0,""perf"":{""submit_latency_ms"":0},""submit_trigger"":""click"",""system_noise"":false,""url"":""http://localhost:5173/restaurant/dashboard/menu"",""userAgent"":""Mozilla/5.0 (Windows NT 10.0; Win64; x64) AppleWebKit/537.36 (KHTML, like Gecko) Chrome/140.0.0.0 Safari/537.36"",""username_length"":0,""viewport"":{""height"":911,""width"":1920}}"
log_1758985333082_oc5qtmgqi,2025-09-27T15:02:13.082Z,frontend,click.v1,click,session_1758984560651_foqjcq8xf,log_1758985333082_do6w9lstd,anonymous,/restaurant/dashboard/menu,"{""app_version"":""web-1.4.2"",""autofill_used"":false,""caps_lock_on"":false,""client_validation_passed"":true,""component"":""unknown"",""details"":{""className"":""mt-1 block w-full rounded-md border-gray-300 shadow-sm focus:border-orange-500 focus:ring-orange-500"",""id"":"""",""schema_version"":""click.v1"",""tagName"":""INPUT"",""text"":"""",""trigger"":""click"",""x"":1155,""y"":673},""event_time"":""2025-09-27T15:02:13.082Z"",""password_length"":0,""perf"":{""submit_latency_ms"":0},""submit_trigger"":""click"",""system_noise"":false,""url"":""http://localhost:5173/restaurant/dashboard/menu"",""userAgent"":""Mozilla/5.0 (Windows NT 10.0; Win64; x64) AppleWebKit/537.36 (KHTML, like Gecko) Chrome/140.0.0.0 Safari/537.36"",""username_length"":0,""viewport"":{""height"":911,""width"":1920}}"
log_1758985332053_wlnocv55h,2025-09-27T15:02:12.053Z,frontend,click.v1,click,session_1758984560651_foqjcq8xf,log_1758985332053_uj7x6ew87,anonymous,/restaurant/dashboard/menu,"{""app_version"":""web-1.4.2"",""autofill_used"":false,""caps_lock_on"":false,""client_validation_passed"":true,""component"":""unknown"",""details"":{""className"":""mt-1 block w-full rounded-md border-gray-300 shadow-sm focus:border-orange-500 focus:ring-orange-500"",""id"":"""",""schema_version"":""click.v1"",""tagName"":""INPUT"",""text"":"""",""trigger"":""click"",""x"":954,""y"":682},""event_time"":""2025-09-27T15:02:12.053Z"",""password_length"":0,""perf"":{""submit_latency_ms"":0},""submit_trigger"":""click"",""system_noise"":false,""url"":""http://localhost:5173/restaurant/dashboard/menu"",""userAgent"":""Mozilla/5.0 (Windows NT 10.0; Win64; x64) AppleWebKit/537.36 (KHTML, like Gecko) Chrome/140.0.0.0 Safari/537.36"",""username_length"":0,""viewport"":{""height"":911,""width"":1920}}"
log_1758985331764_8nlogiyec,2025-09-27T15:02:11.764Z,frontend,click.v1,click,session_1758984560651_foqjcq8xf,log_1758985331764_62nwyi7wx,anonymous,/restaurant/dashboard/menu,"{""app_version"":""web-1.4.2"",""autofill_used"":false,""caps_lock_on"":false,""client_validation_passed"":true,""component"":""unknown"",""details"":{""className"":""space-y-4"",""id"":"""",""schema_version"":""click.v1"",""tagName"":""FORM"",""text"":""ImageDrag image here or click to uploadCategoryStartersMain CoursesDessertsDrinksSide DishesNameDescriptionccPrice (â‚¬)Available for orderCancelSave Changes"",""trigger"":""click"",""x"":889,""y"":695},""event_time"":""2025-09-27T15:02:11.764Z"",""password_length"":0,""perf"":{""submit_latency_ms"":0},""submit_trigger"":""click"",""system_noise"":false,""url"":""http://localhost:5173/restaurant/dashboard/menu"",""userAgent"":""Mozilla/5.0 (Windows NT 10.0; Win64; x64) AppleWebKit/537.36 (KHTML, like Gecko) Chrome/140.0.0.0 Safari/537.36"",""username_length"":0,""viewport"":{""height"":911,""width"":1920}}"
log_1758985330432_e2cyil3bd,2025-09-27T15:02:10.432Z,frontend,click.v1,click,session_1758984560651_foqjcq8xf,log_1758985330432_oymp343kw,anonymous,/restaurant/dashboard/menu,"{""app_version"":""web-1.4.2"",""autofill_used"":false,""caps_lock_on"":false,""client_validation_passed"":true,""component"":""unknown"",""details"":{""className"":{},""id"":"""",""schema_version"":""click.v1"",""tagName"":""svg"",""text"":"""",""trigger"":""click"",""x"":664,""y"":338},""event_time"":""2025-09-27T15:02:10.432Z"",""password_length"":0,""perf"":{""submit_latency_ms"":0},""submit_trigger"":""click"",""system_noise"":false,""url"":""http://localhost:5173/restaurant/dashboard/menu"",""userAgent"":""Mozilla/5.0 (Windows NT 10.0; Win64; x64) AppleWebKit/537.36 (KHTML, like Gecko) Chrome/140.0.0.0 Safari/537.36"",""username_length"":0,""viewport"":{""height"":911,""width"":1920}}"
log_1758985327601_v0m4u6hq3,2025-09-27T15:02:07.601Z,frontend,click.v1,click,session_1758984560651_foqjcq8xf,log_1758985327601_hxh4xy95j,anonymous,/restaurant/dashboard/menu,"{""app_version"":""web-1.4.2"",""autofill_used"":false,""caps_lock_on"":false,""client_validation_passed"":true,""component"":""unknown"",""details"":{""className"":""flex items-center px-3 py-2 rounded-md text-sm font-medium whitespace-nowrap bg-orange-500 text-white"",""id"":"""",""schema_version"":""click.v1"",""tagName"":""A"",""text"":""Menu"",""trigger"":""click"",""x"":586,""y"":124},""event_time"":""2025-09-27T15:02:07.601Z"",""password_length"":0,""perf"":{""submit_latency_ms"":0},""submit_trigger"":""click"",""system_noise"":false,""url"":""http://localhost:5173/restaurant/dashboard/menu"",""userAgent"":""Mozilla/5.0 (Windows NT 10.0; Win64; x64) AppleWebKit/537.36 (KHTML, like Gecko) Chrome/140.0.0.0 Safari/537.36"",""username_length"":0,""viewport"":{""height"":911,""width"":1920}}"